,zip_code,population
1,20105,3855
2,20106,2040
3,20109,13584
4,20110,14714
5,20111,10074
6,20112,8448
7,20115,2522
8,20117,1469
9,20118,3
10,20119,1515
11,20120,14217
12,20121,10357
13,20124,5052
14,20129,216
15,20130,161
16,20132,5466
17,20135,1293
18,20136,8483
19,20137,580
20,20139,100
21,20141,2116
22,20143,408
23,20144,496
24,20147,19719
25,20148,9170
26,20151,6828
27,20152,7876
28,20155,10357
29,20158,1588
30,20164,12565
31,20165,11774
32,20166,3464
33,20169,6746
34,20170,13713
35,20171,16823
36,20175,10083
37,20176,16166
38,20180,2395
39,20181,2758
40,20184,471
41,20186,5977
42,20187,5343
43,20190,9231
44,20191,12071
45,20194,5900
46,20197,661
47,20198,1229
48,22003,19923
49,22015,15133
50,22025,6235
51,22026,4737
52,22027,781
53,22030,19487
54,22031,12048
55,22032,10009
56,22033,16083
57,22035,0
58,22039,6104
59,22041,11174
60,22042,12495
61,22043,9767
62,22044,5909
63,22046,6649
64,22060,2928
65,22066,6054
66,22079,11245
67,22101,11345
68,22102,10608
69,22124,6834
70,22125,400
71,22134,1379
72,22150,9489
73,22151,5932
74,22152,10636
75,22153,10676
76,22172,3361
77,22180,8812
78,22181,5519
79,22182,9143
80,22185,0
81,22191,20329
82,22192,20113
83,22193,23150
84,22201,18985
85,22202,15278
86,22203,12018
87,22204,21078
88,22205,6628
89,22206,10689
90,22207,11729
91,22209,7975
92,22211,61
93,22213,1231
94,22214,0
95,22301,5017
96,22302,8935
97,22303,6858
98,22304,22966
99,22305,6863
100,22306,12312
101,22307,4655
102,22308,4741
103,22309,12264
104,22310,11818
105,22311,8744
106,22312,11919
107,22314,17584
108,22315,10988
109,22401,10467
110,22405,10632
111,22406,7695
112,22407,19758
113,22408,9728
114,22427,1318
115,22432,241
116,22433,89
117,22435,1193
118,22436,323
119,22437,494
120,22438,232
121,22443,4807
122,22448,192
123,22454,1184
124,22460,1082
125,22469,1346
126,22473,3618
127,22476,170
128,22480,601
129,22482,1889
130,22485,9293
131,22488,888
132,22503,2812
133,22504,153
134,22508,5686
135,22509,18
136,22511,1007
137,22514,1101
138,22520,3268
139,22529,161
140,22530,192
141,22534,990
142,22535,284
143,22538,133
144,22539,1921
145,22542,758
146,22546,6479
147,22548,69
148,22551,7274
149,22553,4975
150,22554,17173
151,22556,8483
152,22560,3198
153,22567,1227
154,22572,2782
155,22576,1055
156,22578,1801
157,22579,124
158,22580,2104
159,22601,12521
160,22602,11156
161,22603,5671
162,22610,898
163,22611,3676
164,22620,1147
165,22623,271
166,22624,999
167,22625,1534
168,22627,362
169,22630,12856
170,22637,881
171,22639,267
172,22640,284
173,22641,178
174,22642,1894
175,22643,95
176,22644,1057
177,22645,1675
178,22646,107
179,22650,541
180,22652,810
181,22654,374
182,22655,7559
183,22656,947
184,22657,4963
185,22660,749
186,22663,578
187,22664,4013
188,22701,12394
189,22709,369
190,22711,43
191,22712,3013
192,22713,605
193,22714,416
194,22715,451
195,22716,434
196,22718,223
197,22719,245
198,22720,445
199,22722,121
200,22723,61
201,22724,825
202,22726,276
203,22727,2471
204,22728,1241
205,22729,58
206,22730,52
207,22731,60
208,22732,80
209,22733,559
210,22734,1172
211,22735,905
212,22736,269
213,22737,1144
214,22738,491
215,22740,757
216,22741,80
217,22742,695
218,22743,163
219,22747,676
220,22749,194
221,22801,14072
222,22802,10815
223,22807,8
224,22810,1257
225,22811,286
226,22812,3359
227,22815,3660
228,22820,153
229,22821,2314
230,22824,2789
231,22827,4651
232,22830,824
233,22831,402
234,22832,469
235,22834,499
236,22835,5803
237,22840,3530
238,22841,1153
239,22842,2698
240,22843,1084
241,22844,2222
242,22845,28
243,22846,694
244,22847,467
245,22849,2306
246,22850,418
247,22851,2748
248,22853,1957
249,22901,15139
250,22902,9921
251,22903,16133
252,22904,14
253,22911,7055
254,22920,1997
255,22922,962
256,22923,1949
257,22931,203
258,22932,3129
259,22935,417
260,22936,2001
261,22937,680
262,22938,701
263,22939,2109
264,22940,504
265,22942,3893
266,22943,219
267,22946,111
268,22947,1931
269,22948,104
270,22949,655
271,22952,922
272,22958,2931
273,22959,705
274,22960,4689
275,22963,6489
276,22964,127
277,22967,1359
278,22968,3792
279,22969,706
280,22971,873
281,22972,206
282,22973,2837
283,22974,1715
284,22976,214
285,22980,14222
286,22989,40
287,23002,4351
288,23004,433
289,23005,6156
290,23009,2500
291,23011,420
292,23015,1638
293,23021,165
294,23022,459
295,23023,153
296,23024,4180
297,23025,134
298,23027,619
299,23030,2314
300,23032,147
301,23035,813
302,23038,908
303,23039,468
304,23040,2068
305,23043,1715
306,23045,72
307,23047,811
308,23050,282
309,23055,375
310,23056,249
311,23059,12235
312,23060,13488
313,23061,8854
314,23062,1150
315,23063,2008
316,23064,128
317,23065,811
318,23066,526
319,23068,201
320,23069,1073
321,23070,227
322,23071,1050
323,23072,5103
324,23075,4308
325,23076,403
326,23079,289
327,23083,760
328,23084,776
329,23085,199
330,23086,1348
331,23089,2242
332,23091,154
333,23092,294
334,23093,5822
335,23102,1096
336,23103,1998
337,23106,407
338,23108,73
339,23109,958
340,23110,393
341,23111,14351
342,23112,18372
343,23113,9471
344,23114,6719
345,23115,62
346,23116,9796
347,23117,5286
348,23119,214
349,23120,1935
350,23123,916
351,23124,1212
352,23125,222
353,23126,242
354,23128,574
355,23129,145
356,23130,160
357,23138,610
358,23139,9358
359,23140,2140
360,23141,2597
361,23146,1205
362,23148,810
363,23149,1357
364,23150,5264
365,23153,524
366,23156,775
367,23160,1
368,23161,106
369,23163,176
370,23168,2360
371,23169,820
372,23173,39
373,23175,1285
374,23176,356
375,23177,329
376,23180,267
377,23181,2301
378,23185,20544
379,23187,0
380,23188,17482
381,23192,2666
382,23219,2135
383,23220,16609
384,23221,7816
385,23222,11001
386,23223,22017
387,23224,14828
388,23225,19869
389,23226,7500
390,23227,12763
391,23228,16089
392,23229,13736
393,23230,2917
394,23231,14438
395,23233,12145
396,23234,16952
397,23235,13449
398,23236,10219
399,23237,8311
400,23238,11598
401,23250,0
402,23294,8367
403,23301,795
404,23302,79
405,23303,366
406,23304,37
407,23306,523
408,23307,391
409,23308,955
410,23310,2955
411,23313,45
412,23314,2919
413,23315,674
414,23316,171
415,23320,21820
416,23321,12619
417,23322,19878
418,23323,12548
419,23324,9259
420,23325,7093
421,23336,4519
422,23337,199
423,23347,365
424,23350,1920
425,23354,109
426,23356,996
427,23357,316
428,23358,119
429,23359,374
430,23389,103
431,23395,1177
432,23398,144
433,23401,112
434,23405,605
435,23407,166
436,23408,48
437,23409,49
438,23410,997
439,23413,462
440,23414,46
441,23415,937
442,23416,169
443,23417,2352
444,23418,465
445,23420,1172
446,23421,1965
447,23422,142
448,23423,265
449,23426,133
450,23427,181
451,23430,7104
452,23432,669
453,23433,543
454,23434,18973
455,23435,9937
456,23436,382
457,23437,1777
458,23438,733
459,23440,377
460,23441,80
461,23442,496
462,23451,23513
463,23452,23662
464,23453,12701
465,23454,24246
466,23455,20439
467,23456,18247
468,23457,1656
469,23459,270
470,23460,0
471,23461,0
472,23462,26087
473,23464,27058
474,23480,286
475,23486,81
476,23487,2579
477,23488,90
478,23502,8440
479,23503,15006
480,23504,8789
481,23505,13097
482,23507,3535
483,23508,6696
484,23509,5459
485,23510,3557
486,23511,141
487,23513,12341
488,23517,2502
489,23518,12581
490,23523,2874
491,23551,0
492,23601,11500
493,23602,16806
494,23603,1499
495,23604,899
496,23605,6683
497,23606,12297
498,23607,10689
499,23608,17619
500,23651,329
501,23661,6337
502,23662,4726
503,23663,5837
504,23664,4799
505,23665,1466
506,23666,22464
507,23669,17882
508,23690,1176
509,23691,35
510,23692,7824
511,23693,8745
512,23696,1481
513,23701,10336
514,23702,4954
515,23703,10536
516,23704,8682
517,23707,6298
518,23708,0
519,23709,0
520,23801,866
521,23803,18437
522,23805,8723
523,23806,1
524,23821,820
525,23824,3374
526,23827,681
527,23828,180
528,23829,541
529,23830,638
530,23831,13140
531,23832,11953
532,23833,970
533,23834,10934
534,23836,4674
535,23837,1817
536,23838,5586
537,23839,347
538,23840,754
539,23841,1440
540,23842,2746
541,23843,354
542,23844,364
543,23845,253
544,23846,397
545,23847,6092
546,23850,477
547,23851,6088
548,23856,529
549,23857,388
550,23860,12050
551,23866,977
552,23867,1089
553,23868,2503
554,23872,1038
555,23874,463
556,23875,4477
557,23876,237
558,23878,502
559,23879,344
560,23881,1096
561,23882,1232
562,23883,1227
563,23884,6
564,23885,1138
565,23887,611
566,23888,1093
567,23889,276
568,23890,1946
569,23891,1
570,23893,227
571,23894,301
572,23897,313
573,23898,897
574,23899,207
575,23901,6858
576,23909,0
577,23915,347
578,23917,1890
579,23919,2857
580,23920,1686
581,23921,1045
582,23922,1014
583,23923,1263
584,23924,3114
585,23927,3330
586,23930,2670
587,23934,338
588,23936,2820
589,23937,974
590,23938,208
591,23942,554
592,23943,42
593,23944,2134
594,23947,2133
595,23950,1573
596,23952,105
597,23954,973
598,23958,1536
599,23959,614
600,23960,890
601,23962,342
602,23963,264
603,23964,612
604,23966,1047
605,23967,581
606,23968,464
607,23970,3918
608,23974,1965
609,23976,137
610,24011,153
611,24012,13586
612,24013,3609
613,24014,8335
614,24015,7799
615,24016,4751
616,24017,10877
617,24018,16867
618,24019,11276
619,24020,34
620,24053,1452
621,24054,3171
622,24055,6652
623,24058,160
624,24059,420
625,24060,20255
626,24064,2070
627,24065,2771
628,24066,2387
629,24067,1067
630,24069,884
631,24070,608
632,24072,605
633,24073,13314
634,24076,517
635,24077,447
636,24078,3559
637,24079,946
638,24082,182
639,24083,1172
640,24084,5188
641,24085,1295
642,24086,112
643,24087,1707
644,24088,2359
645,24089,1327
646,24090,2057
647,24091,3650
648,24092,1473
649,24093,97
650,24095,2177
651,24101,2942
652,24102,1039
653,24104,2608
654,24105,267
655,24112,16192
656,24120,1288
657,24121,7241
658,24122,778
659,24124,2057
660,24127,2298
661,24128,949
662,24130,15
663,24131,104
664,24132,241
665,24133,1340
666,24134,2665
667,24136,1671
668,24137,2290
669,24138,699
670,24139,394
671,24141,9967
672,24142,0
673,24147,541
674,24148,3853
675,24149,1516
676,24150,436
677,24151,9057
678,24153,15939
679,24161,288
680,24162,1123
681,24165,822
682,24167,157
683,24168,102
684,24171,4362
685,24174,1200
686,24175,3645
687,24176,1300
688,24179,8318
689,24184,2408
690,24185,503
691,24201,8469
692,24202,5916
693,24210,7966
694,24211,4730
695,24216,1436
696,24217,224
697,24219,4652
698,24220,404
699,24221,552
700,24224,3114
701,24225,862
702,24226,720
703,24228,3423
704,24230,4386
705,24236,1655
706,24237,625
707,24239,65
708,24243,943
709,24244,2828
710,24245,640
711,24246,202
712,24248,1283
713,24250,703
714,24251,4417
715,24256,1590
716,24258,807
717,24260,2686
718,24263,3185
719,24265,441
720,24266,4427
721,24269,158
722,24270,305
723,24271,1405
724,24272,255
725,24273,3013
726,24277,2868
727,24279,2197
728,24280,363
729,24281,1272
730,24282,367
731,24283,1053
732,24290,956
733,24292,341
734,24293,4665
735,24301,7053
736,24311,972
737,24312,1199
738,24313,400
739,24314,763
740,24315,1592
741,24316,20
742,24317,1995
743,24318,442
744,24319,3144
745,24322,98
746,24323,314
747,24324,1050
748,24325,813
749,24326,752
750,24328,1610
751,24330,1913
752,24333,8879
753,24340,2608
754,24343,4883
755,24347,1094
756,24348,2388
757,24350,653
758,24351,345
759,24352,565
760,24354,7295
761,24360,2737
762,24361,2185
763,24363,908
764,24366,415
765,24368,2303
766,24370,3146
767,24374,393
768,24375,991
769,24377,220
770,24378,826
771,24380,1349
772,24381,1955
773,24382,7189
774,24401,17005
775,24411,50
776,24412,73
777,24413,140
778,24415,25
779,24416,3887
780,24421,1678
781,24422,3270
782,24426,7110
783,24430,718
784,24431,1137
785,24432,221
786,24433,59
787,24435,913
788,24437,374
789,24439,733
790,24440,1108
791,24441,2569
792,24442,144
793,24445,1590
794,24448,177
795,24450,7382
796,24457,140
797,24458,370
798,24459,408
799,24460,1090
800,24464,213
801,24465,1001
802,24467,918
803,24471,598
804,24472,1092
805,24473,534
806,24474,246
807,24476,129
808,24477,4539
809,24479,709
810,24482,1840
811,24483,381
812,24484,643
813,24485,297
814,24486,1328
815,24487,262
816,24501,11838
817,24502,17489
818,24503,8724
819,24504,4586
820,24517,2688
821,24520,1200
822,24521,4767
823,24522,4276
824,24523,8760
825,24526,780
826,24527,1326
827,24528,1615
828,24529,994
829,24530,591
830,24531,4596
831,24534,956
832,24536,99
833,24538,2097
834,24539,86
835,24540,15757
836,24541,14651
837,24549,1964
838,24550,3126
839,24551,8302
840,24553,969
841,24554,1876
842,24555,1044
843,24556,1267
844,24557,4286
845,24558,3042
846,24562,220
847,24563,2779
848,24565,656
849,24566,640
850,24569,489
851,24570,10
852,24571,1054
853,24572,7016
854,24574,1714
855,24577,2775
856,24578,516
857,24579,681
858,24580,298
859,24581,27
860,24586,2618
861,24588,4025
862,24589,1099
863,24590,3549
864,24592,6707
865,24593,916
866,24594,816
867,24595,74
868,24597,636
869,24598,1034
870,24599,330
871,24601,55
872,24602,456
873,24603,499
874,24604,132
875,24605,4293
876,24606,92
877,24607,220
878,24609,3569
879,24612,126
880,24613,433
881,24614,3925
882,24620,1344
883,24622,509
884,24628,139
885,24630,3150
886,24631,1105
887,24634,274
888,24635,330
889,24637,1480
890,24639,1646
891,24641,2934
892,24646,372
893,24649,1260
894,24651,3051
895,24656,1724
896,24657,173
